[
  {
    "name": "Paris",
    "slug": "paris",
    "zipCode": "75001",
    "department_code": "75",
    "population": 2161000,
    "lat": 48.8566,
    "lng": 2.3522
  },
  {
    "name": "Marseille",
    "slug": "marseille",
    "zipCode": "13001",
    "department_code": "13",
    "population": 870731,
    "lat": 43.2965,
    "lng": 5.3698
  },
  {
    "name": "Lyon",
    "slug": "lyon",
    "zipCode": "69001",
    "department_code": "69",
    "population": 522969,
    "lat": 45.764,
    "lng": 4.8357
  },
  {
    "name": "Toulouse",
    "slug": "toulouse",
    "zipCode": "31000",
    "department_code": "31",
    "population": 493465,
    "lat": 43.6047,
    "lng": 1.4442
  },
  {
    "name": "Nice",
    "slug": "nice",
    "zipCode": "06000",
    "department_code": "06",
    "population": 342669,
    "lat": 43.7102,
    "lng": 7.262
  },
  {
    "name": "Nantes",
    "slug": "nantes",
    "zipCode": "44000",
    "department_code": "44",
    "population": 314138,
    "lat": 47.2184,
    "lng": -1.5536
  },
  {
    "name": "Montpellier",
    "slug": "montpellier",
    "zipCode": "34000",
    "department_code": "34",
    "population": 295542,
    "lat": 43.6108,
    "lng": 3.8767
  },
  {
    "name": "Strasbourg",
    "slug": "strasbourg",
    "zipCode": "67000",
    "department_code": "67",
    "population": 284677,
    "lat": 48.5734,
    "lng": 7.7521
  },
  {
    "name": "Bordeaux",
    "slug": "bordeaux",
    "zipCode": "33000",
    "department_code": "33",
    "population": 260958,
    "lat": 44.8378,
    "lng": -0.5792
  },
  {
    "name": "Lille",
    "slug": "lille",
    "zipCode": "59000",
    "department_code": "59",
    "population": 236234,
    "lat": 50.6292,
    "lng": 3.0573
  },
  {
    "name": "Rennes",
    "slug": "rennes",
    "zipCode": "35000",
    "department_code": "35",
    "population": 222485,
    "lat": 48.1173,
    "lng": -1.6778
  },
  {
    "name": "Reims",
    "slug": "reims",
    "zipCode": "51100",
    "department_code": "51",
    "population": 182592,
    "lat": 49.2583,
    "lng": 4.0317
  },
  {
    "name": "Saint-Étienne",
    "slug": "saint-etienne",
    "zipCode": "42000",
    "department_code": "42",
    "population": 174082,
    "lat": 45.4397,
    "lng": 4.3872
  },
  {
    "name": "Le Havre",
    "slug": "le-havre",
    "zipCode": "76600",
    "department_code": "76",
    "population": 170147,
    "lat": 49.4944,
    "lng": 0.1079
  },
  {
    "name": "Toulon",
    "slug": "toulon",
    "zipCode": "83000",
    "department_code": "83",
    "population": 169634,
    "lat": 43.1242,
    "lng": 5.928
  },
  {
    "name": "Grenoble",
    "slug": "grenoble",
    "zipCode": "38000",
    "department_code": "38",
    "population": 158198,
    "lat": 45.1885,
    "lng": 5.7245
  },
  {
    "name": "Dijon",
    "slug": "dijon",
    "zipCode": "21000",
    "department_code": "21",
    "population": 158002,
    "lat": 47.322,
    "lng": 5.0415
  },
  {
    "name": "Angers",
    "slug": "angers",
    "zipCode": "49000",
    "department_code": "49",
    "population": 155850,
    "lat": 47.4784,
    "lng": -0.5632
  },
  {
    "name": "Nîmes",
    "slug": "nimes",
    "zipCode": "30000",
    "department_code": "30",
    "population": 151001,
    "lat": 43.8367,
    "lng": 4.3601
  },
  {
    "name": "Villeurbanne",
    "slug": "villeurbanne",
    "zipCode": "69100",
    "department_code": "69",
    "population": 150659,
    "lat": 45.7676,
    "lng": 4.8799
  },
  {
    "name": "Aix-en-Provence",
    "slug": "aix-en-provence",
    "zipCode": "13100",
    "department_code": "13",
    "population": 147122,
    "lat": 43.5297,
    "lng": 5.4474
  },
  {
    "name": "Clermont-Ferrand",
    "slug": "clermont-ferrand",
    "zipCode": "63000",
    "department_code": "63",
    "population": 146734,
    "lat": 45.7772,
    "lng": 3.087
  },
  {
    "name": "Le Mans",
    "slug": "le-mans",
    "zipCode": "72000",
    "department_code": "72",
    "population": 144515,
    "lat": 48.0061,
    "lng": 0.1996
  },
  {
    "name": "Brest",
    "slug": "brest",
    "zipCode": "29200",
    "department_code": "29",
    "population": 140064,
    "lat": 48.3904,
    "lng": -4.4861
  },
  {
    "name": "Tours",
    "slug": "tours",
    "zipCode": "37000",
    "department_code": "37",
    "population": 136463,
    "lat": 47.3941,
    "lng": 0.6848
  },
  {
    "name": "Amiens",
    "slug": "amiens",
    "zipCode": "80000",
    "department_code": "80",
    "population": 134706,
    "lat": 49.8941,
    "lng": 2.2958
  },
  {
    "name": "Limoges",
    "slug": "limoges",
    "zipCode": "87000",
    "department_code": "87",
    "population": 132175,
    "lat": 45.8336,
    "lng": 1.2611
  },
  {
    "name": "Annecy",
    "slug": "annecy",
    "zipCode": "74000",
    "department_code": "74",
    "population": 131084,
    "lat": 45.8992,
    "lng": 6.1294
  },
  {
    "name": "Perpignan",
    "slug": "perpignan",
    "zipCode": "66000",
    "department_code": "66",
    "population": 120605,
    "lat": 42.6886,
    "lng": 2.8948
  },
  {
    "name": "Besançon",
    "slug": "besancon",
    "zipCode": "25000",
    "department_code": "25",
    "population": 117080,
    "lat": 47.2378,
    "lng": 6.0241
  },
  {
    "name": "Metz",
    "slug": "metz",
    "zipCode": "57000",
    "department_code": "57",
    "population": 116581,
    "lat": 49.1193,
    "lng": 6.1757
  },
  {
    "name": "Orléans",
    "slug": "orleans",
    "zipCode": "45000",
    "department_code": "45",
    "population": 116238,
    "lat": 47.9029,
    "lng": 1.9039
  },
  {
    "name": "Rouen",
    "slug": "rouen",
    "zipCode": "76000",
    "department_code": "76",
    "population": 113128,
    "lat": 49.4432,
    "lng": 1.0993
  },
  {
    "name": "Mulhouse",
    "slug": "mulhouse",
    "zipCode": "68100",
    "department_code": "68",
    "population": 108312,
    "lat": 47.7508,
    "lng": 7.3359
  },
  {
    "name": "Caen",
    "slug": "caen",
    "zipCode": "14000",
    "department_code": "14",
    "population": 106538,
    "lat": 49.1829,
    "lng": -0.3707
  },
  {
    "name": "Nancy",
    "slug": "nancy",
    "zipCode": "54000",
    "department_code": "54",
    "population": 104885,
    "lat": 48.6921,
    "lng": 6.1844
  },
  {
    "name": "Argenteuil",
    "slug": "argenteuil",
    "zipCode": "95100",
    "department_code": "95",
    "population": 104282,
    "lat": 48.9472,
    "lng": 2.2467
  },
  {
    "name": "Saint-Denis",
    "slug": "saint-denis",
    "zipCode": "93200",
    "department_code": "93",
    "population": 103742,
    "lat": 48.9362,
    "lng": 2.3574
  },
  {
    "name": "Montreuil",
    "slug": "montreuil",
    "zipCode": "93100",
    "department_code": "93",
    "population": 103068,
    "lat": 48.8638,
    "lng": 2.4486
  },
  {
    "name": "Roubaix",
    "slug": "roubaix",
    "zipCode": "59100",
    "department_code": "59",
    "population": 98828,
    "lat": 50.6942,
    "lng": 3.1746
  },
  {
    "name": "Avignon",
    "slug": "avignon",
    "zipCode": "84000",
    "department_code": "84",
    "population": 93671,
    "lat": 43.9493,
    "lng": 4.8055
  },
  {
    "name": "Versailles",
    "slug": "versailles",
    "zipCode": "78000",
    "department_code": "78",
    "population": 85205,
    "lat": 48.8014,
    "lng": 2.1301
  },
  {
    "name": "Béziers",
    "slug": "beziers",
    "zipCode": "34500",
    "department_code": "34",
    "population": 78683,
    "lat": 43.3449,
    "lng": 3.215
  },
  {
    "name": "Pau",
    "slug": "pau",
    "zipCode": "64000",
    "department_code": "64",
    "population": 77627,
    "lat": 43.2951,
    "lng": -0.3708
  },
  {
    "name": "La Rochelle",
    "slug": "la-rochelle",
    "zipCode": "17000",
    "department_code": "17",
    "population": 77205,
    "lat": 46.1603,
    "lng": -1.1511
  },
  {
    "name": "Cannes",
    "slug": "cannes",
    "zipCode": "06400",
    "department_code": "06",
    "population": 74152,
    "lat": 43.5528,
    "lng": 7.0174
  },
  {
    "name": "Antibes",
    "slug": "antibes",
    "zipCode": "06600",
    "department_code": "06",
    "population": 73798,
    "lat": 43.5808,
    "lng": 7.1239
  },
  {
    "name": "Troyes",
    "slug": "troyes",
    "zipCode": "10000",
    "department_code": "10",
    "population": 61996,
    "lat": 48.2973,
    "lng": 4.0744
  },
  {
    "name": "Chambéry",
    "slug": "chambery",
    "zipCode": "73000",
    "department_code": "73",
    "population": 60100,
    "lat": 45.5646,
    "lng": 5.9178
  },
  {
    "name": "Bayonne",
    "slug": "bayonne",
    "zipCode": "64100",
    "department_code": "64",
    "population": 52006,
    "lat": 43.4929,
    "lng": -1.4748
  },
  {
    "name": "Saint-Paul",
    "slug": "saint-paul",
    "zipCode": "32119",
    "department_code": "32",
    "population": 4987,
    "lat": 43.8631,
    "lng": 0.7471
  },
  {
    "name": "Le Pré-en-Beauce",
    "slug": "le-pre-en-beauce",
    "zipCode": "12129",
    "department_code": "12",
    "population": 4883,
    "lat": 44.1748,
    "lng": 2.641
  },
  {
    "name": "Bois-André-sur-Mer",
    "slug": "bois-andre-sur-mer",
    "zipCode": "24135",
    "department_code": "24",
    "population": 4718,
    "lat": 44.9517,
    "lng": 0.6495
  },
  {
    "name": "Mont-Église",
    "slug": "mont-eglise",
    "zipCode": "02121",
    "department_code": "02",
    "population": 4632,
    "lat": 49.4941,
    "lng": 3.6779
  },
  {
    "name": "Pont-Martin-la-Forêt",
    "slug": "pont-martin-la-foret",
    "zipCode": "26136",
    "department_code": "26",
    "population": 4541,
    "lat": 44.4391,
    "lng": 4.8358
  },
  {
    "name": "Bois-Paul-la-Forêt",
    "slug": "bois-paul-la-foret",
    "zipCode": "07125",
    "department_code": "07",
    "population": 4492,
    "lat": 44.6893,
    "lng": 4.2179
  },
  {
    "name": "La Henri",
    "slug": "la-henri",
    "zipCode": "11128",
    "department_code": "11",
    "population": 4487,
    "lat": 43.1068,
    "lng": 2.1977
  },
  {
    "name": "Pont-Henri",
    "slug": "pont-henri",
    "zipCode": "08106",
    "department_code": "08",
    "population": 4430,
    "lat": 49.5627,
    "lng": 4.668
  },
  {
    "name": "Les Michel",
    "slug": "les-michel",
    "zipCode": "16111",
    "department_code": "16",
    "population": 4316,
    "lat": 45.5897,
    "lng": 0.1191
  },
  {
    "name": "Sainte-Croix",
    "slug": "sainte-croix",
    "zipCode": "05124",
    "department_code": "05",
    "population": 4217,
    "lat": 44.8003,
    "lng": 6.3091
  },
  {
    "name": "Saint-Roche-sur-Mer",
    "slug": "saint-roche-sur-mer",
    "zipCode": "27117",
    "department_code": "27",
    "population": 4119,
    "lat": 48.9716,
    "lng": 1.0766
  },
  {
    "name": "Val-Georges-sur-Mer",
    "slug": "val-georges-sur-mer",
    "zipCode": "09147",
    "department_code": "09",
    "population": 4097,
    "lat": 43.1457,
    "lng": 1.7481
  },
  {
    "name": "Val-Marie",
    "slug": "val-marie",
    "zipCode": "03102",
    "department_code": "03",
    "population": 4044,
    "lat": 46.1669,
    "lng": 3.2545
  },
  {
    "name": "Pont-Bourg-en-Beauce",
    "slug": "pont-bourg-en-beauce",
    "zipCode": "02141",
    "department_code": "02",
    "population": 3990,
    "lat": 49.4116,
    "lng": 3.7791
  },
  {
    "name": "Mont-Chapelle-les-Bains",
    "slug": "mont-chapelle-les-bains",
    "zipCode": "03142",
    "department_code": "03",
    "population": 3942,
    "lat": 46.4649,
    "lng": 3.5616
  },
  {
    "name": "Val-Martin",
    "slug": "val-martin",
    "zipCode": "32139",
    "department_code": "32",
    "population": 3782,
    "lat": 43.5941,
    "lng": 0.7612
  },
  {
    "name": "Sainte-Fontaine",
    "slug": "sainte-fontaine",
    "zipCode": "26116",
    "department_code": "26",
    "population": 3618,
    "lat": 44.6812,
    "lng": 5.0361
  },
  {
    "name": "Mont-Paul",
    "slug": "mont-paul",
    "zipCode": "01100",
    "department_code": "01",
    "population": 3529,
    "lat": 46.2479,
    "lng": 5.3897
  },
  {
    "name": "Mont-Fort-le-Château",
    "slug": "mont-fort-le-chateau",
    "zipCode": "28138",
    "department_code": "28",
    "population": 3316,
    "lat": 48.4416,
    "lng": 1.5492
  },
  {
    "name": "Saint-André",
    "slug": "saint-andre",
    "zipCode": "07145",
    "department_code": "07",
    "population": 3065,
    "lat": 44.6993,
    "lng": 4.4684
  },
  {
    "name": "Château-Fort-le-Château",
    "slug": "chateau-fort-le-chateau",
    "zipCode": "01120",
    "department_code": "01",
    "population": 2878,
    "lat": 45.7528,
    "lng": 5.1771
  },
  {
    "name": "La Chapelle-le-Château",
    "slug": "la-chapelle-le-chateau",
    "zipCode": "15130",
    "department_code": "15",
    "population": 2859,
    "lat": 45.1595,
    "lng": 2.5937
  },
  {
    "name": "Mont-André-la-Forêt",
    "slug": "mont-andre-la-foret",
    "zipCode": "19113",
    "department_code": "19",
    "population": 2836,
    "lat": 45.5271,
    "lng": 1.7508
  },
  {
    "name": "Mont-Église-sur-Mer",
    "slug": "mont-eglise-sur-mer",
    "zipCode": "18112",
    "department_code": "18",
    "population": 2798,
    "lat": 47.127,
    "lng": 2.3743
  },
  {
    "name": "Bois-Marie-les-Bains",
    "slug": "bois-marie-les-bains",
    "zipCode": "07105",
    "department_code": "07",
    "population": 2770,
    "lat": 44.6089,
    "lng": 4.3385
  },
  {
    "name": "Pont-Église-la-Forêt",
    "slug": "pont-eglise-la-foret",
    "zipCode": "12149",
    "department_code": "12",
    "population": 2767,
    "lat": 44.393,
    "lng": 2.6144
  },
  {
    "name": "Bois-Église-en-Beauce",
    "slug": "bois-eglise-en-beauce",
    "zipCode": "24115",
    "department_code": "24",
    "population": 2717,
    "lat": 45.1464,
    "lng": 0.9477
  },
  {
    "name": "La Marie-sur-Mer",
    "slug": "la-marie-sur-mer",
    "zipCode": "04143",
    "department_code": "04",
    "population": 2651,
    "lat": 43.9724,
    "lng": 6.1224
  },
  {
    "name": "La Marie",
    "slug": "la-marie",
    "zipCode": "11148",
    "department_code": "11",
    "population": 2627,
    "lat": 43.4144,
    "lng": 2.3533
  },
  {
    "name": "La Pré",
    "slug": "la-pre",
    "zipCode": "27137",
    "department_code": "27",
    "population": 2601,
    "lat": 49.3454,
    "lng": 1.2419
  },
  {
    "name": "Mont-Jean",
    "slug": "mont-jean",
    "zipCode": "03122",
    "department_code": "03",
    "population": 2491,
    "lat": 46.1565,
    "lng": 3.4882
  },
  {
    "name": "Mont-Moulin",
    "slug": "mont-moulin",
    "zipCode": "19133",
    "department_code": "19",
    "population": 2451,
    "lat": 45.2228,
    "lng": 1.8669
  },
  {
    "name": "Le Fort-en-Beauce",
    "slug": "le-fort-en-beauce",
    "zipCode": "28118",
    "department_code": "28",
    "population": 2435,
    "lat": 48.4523,
    "lng": 1.4545
  },
  {
    "name": "La Louis",
    "slug": "la-louis",
    "zipCode": "05104",
    "department_code": "05",
    "population": 2428,
    "lat": 44.8854,
    "lng": 6.2596
  },
  {
    "name": "Château-Paul",
    "slug": "chateau-paul",
    "zipCode": "23134",
    "department_code": "23",
    "population": 2308,
    "lat": 46.4156,
    "lng": 2.0574
  },
  {
    "name": "Pont-Moulin-sur-Mer",
    "slug": "pont-moulin-sur-mer",
    "zipCode": "23114",
    "department_code": "23",
    "population": 2295,
    "lat": 46.2699,
    "lng": 2.0745
  },
  {
    "name": "Bois-Ville-les-Bains",
    "slug": "bois-ville-les-bains",
    "zipCode": "04103",
    "department_code": "04",
    "population": 2147,
    "lat": 44.0852,
    "lng": 6.3157
  },
  {
    "name": "Val-Martin-les-Bains",
    "slug": "val-martin-les-bains",
    "zipCode": "18132",
    "department_code": "18",
    "population": 2144,
    "lat": 47.0969,
    "lng": 2.3815
  },
  {
    "name": "Sainte-Jean",
    "slug": "sainte-jean",
    "zipCode": "09127",
    "department_code": "09",
    "population": 2095,
    "lat": 43.0052,
    "lng": 1.7013
  },
  {
    "name": "Sainte-Fort",
    "slug": "sainte-fort",
    "zipCode": "02101",
    "department_code": "02",
    "population": 2019,
    "lat": 49.6638,
    "lng": 3.7197
  },
  {
    "name": "Le Église-le-Château",
    "slug": "le-eglise-le-chateau",
    "zipCode": "04123",
    "department_code": "04",
    "population": 1990,
    "lat": 44.0382,
    "lng": 6.0728
  },
  {
    "name": "Sainte-Ville-la-Forêt",
    "slug": "sainte-ville-la-foret",
    "zipCode": "08146",
    "department_code": "08",
    "population": 1936,
    "lat": 49.7697,
    "lng": 4.7618
  },
  {
    "name": "La Jean",
    "slug": "la-jean",
    "zipCode": "15110",
    "department_code": "15",
    "population": 1762,
    "lat": 44.7527,
    "lng": 2.5931
  },
  {
    "name": "Château-Pierre",
    "slug": "chateau-pierre",
    "zipCode": "11108",
    "department_code": "11",
    "population": 1643,
    "lat": 43.1498,
    "lng": 2.4998
  },
  {
    "name": "Pont-Croix",
    "slug": "pont-croix",
    "zipCode": "01140",
    "department_code": "01",
    "population": 1510,
    "lat": 45.851,
    "lng": 5.1117
  },
  {
    "name": "Les Pierre-le-Château",
    "slug": "les-pierre-le-chateau",
    "zipCode": "05144",
    "department_code": "05",
    "population": 1340,
    "lat": 44.7626,
    "lng": 6.5028
  },
  {
    "name": "Val-Croix",
    "slug": "val-croix",
    "zipCode": "16131",
    "department_code": "16",
    "population": 1113,
    "lat": 45.6918,
    "lng": -0.0142
  },
  {
    "name": "Le Martin",
    "slug": "le-martin",
    "zipCode": "08126",
    "department_code": "08",
    "population": 1088,
    "lat": 49.645,
    "lng": 4.4984
  },
  {
    "name": "Bois-Paul",
    "slug": "bois-paul",
    "zipCode": "09107",
    "department_code": "09",
    "population": 999,
    "lat": 43.0733,
    "lng": 1.7001
  },
  {
    "name": "Le Georges-la-Forêt",
    "slug": "le-georges-la-foret",
    "zipCode": "12109",
    "department_code": "12",
    "population": 602,
    "lat": 44.5221,
    "lng": 2.5653
  }
]